{"name":"73eab353-c884-4a88-97f2-7f3401e47c84","id":"/providers/Microsoft.Flow/flows/73eab353-c884-4a88-97f2-7f3401e47c84","type":"Microsoft.Flow/flows","properties":{"apiId":"/providers/Microsoft.PowerApps/apis/shared_logicflows","displayName":"SVN Invoice Extractor","definition":{"metadata":{"workflowEntityId":null,"processAdvisorMetadata":null,"flowChargedByPaygo":null,"flowclientsuspensionreason":"None","flowclientsuspensiontime":null,"flowclientsuspensionreasondetails":null,"creator":{"id":"6c08e627-2443-427f-b1d2-d32000f4e66f","type":"User","tenantId":"33135fa5-f5a7-4d5c-8632-9a17d4acfa5b"},"provisioningMethod":"FromDefinition","failureAlertSubscription":true,"clientLastModifiedTime":"2025-09-19T01:51:53.1716259Z","connectionKeySavedTimeKey":"2025-09-19T01:51:53.1716259Z","creationSource":"Portal","modifiedSources":"Portal"},"$schema":"https://schema.management.azure.com/providers/Microsoft.Logic/schemas/2016-06-01/workflowdefinition.json#","contentVersion":"undefined","parameters":{"$authentication":{"defaultValue":{},"type":"SecureObject"},"$connections":{"defaultValue":{},"type":"Object"}},"triggers":{"When_a_file_is_created_(properties_only)":{"recurrence":{"frequency":"Minute","interval":1},"splitOn":"@triggerOutputs()?['body/value']","type":"OpenApiConnection","inputs":{"parameters":{"dataset":"https://socotecgroup.sharepoint.com/sites/Test-SocotecVN","table":"0b539f17-3bfe-48a1-8e0d-d88db7dbac26","folderPath":"/Documents partages/S3_Finance/11 - Invoices/01 - Output VAT/2025/09-2025"},"host":{"apiId":"/providers/Microsoft.PowerApps/apis/shared_sharepointonline","connectionName":"shared_sharepointonline","operationId":"GetOnNewFileItems"},"authentication":"@parameters('$authentication')"}}},"actions":{"Get_file_content":{"runAfter":{},"metadata":{"%252fDocuments%2bpartages%252fS4_Mailbox%252fvhnguyen-Van%2bHao%252fSVN%2bInvoice%2bExtractor%252fInvoice%252f01.Invoice-SI25010018-Jan25.pdf":"/Documents partages/S4_Mailbox/vhnguyen-Van Hao/SVN Invoice Extractor/Invoice/01.Invoice-SI25010018-Jan25.pdf"},"type":"OpenApiConnection","inputs":{"parameters":{"dataset":"https://socotecgroup.sharepoint.com/sites/Test-SocotecVN","id":"@triggerBody()?['{Identifier}']","inferContentType":true},"host":{"apiId":"/providers/Microsoft.PowerApps/apis/shared_sharepointonline","connectionName":"shared_sharepointonline","operationId":"GetFileContent"},"authentication":"@parameters('$authentication')"}},"Add_a_row_into_a_table":{"runAfter":{"AI_Builder_SVN_Invoice_Extractor":["Succeeded"]},"metadata":{"01JN7AUNMQNWCA6G2TH5FILDZOPHC2DAYT":"/S4_Mailbox/vhnguyen-Van Hao/SVN Invoice Extractor/Data Input.xlsx","tableId":"{4072CB99-44E6-4A22-A6B8-7589B341CFFE}","01O6L4Y7OQ3BSJEKUS4BFKGRH6DWANHQW4":"/Dashboard/02 - Platform Team Performance Analysis/Data Input.xlsx"},"type":"OpenApiConnection","inputs":{"parameters":{"source":"sites/socotecgroup.sharepoint.com,d1c20135-e00e-4b90-ab42-b255770a83bb,46661cd1-eb33-45f7-af82-69c3bfbbc11d","drive":"b!NQHC0Q7gkEurQrJVdwqDu9EcZkYz6_dFr4Jpw7-7wR2EzzQZIbcbQ6B5jK-eZnD8","file":"01O6L4Y7OQ3BSJEKUS4BFKGRH6DWANHQW4","table":"{4072CB99-44E6-4A22-A6B8-7589B341CFFE}","dateTimeFormat":"ISO 8601","item/Invoice No":"@outputs('AI_Builder_SVN_Invoice_Extractor')?['body/responsev2/predictionOutput/labels/Invoice_24d0eb421cf7d427235f7a6e8ed91e5a/value']","item/Client":"@outputs('AI_Builder_SVN_Invoice_Extractor')?['body/responsev2/predictionOutput/labels/Client_098afdc2341695ecc2e9a4e15c5e19568/value']","item/Invoice Date":"@outputs('AI_Builder_SVN_Invoice_Extractor')?['body/responsev2/predictionOutput/labels/Invoice_0f24fcfb35adaf92db94c0adeb94a754/value']","item/Due Date":"@outputs('AI_Builder_SVN_Invoice_Extractor')?['body/responsev2/predictionOutput/labels/Due_002057870fd03032bf243c119bee6c0416a9/value']","item/Billing Period":"@outputs('AI_Builder_SVN_Invoice_Extractor')?['body/responsev2/predictionOutput/labels/Billing_8b1820a23a997cae26061cc6675c9596/value']","item/Total Long Term":"@outputs('AI_Builder_SVN_Invoice_Extractor')?['body/responsev2/predictionOutput/labels/Total_009706838b4ec6e5a7847342dd7db026b6/value']","item/Total Short Term":"@outputs('AI_Builder_SVN_Invoice_Extractor')?['body/responsev2/predictionOutput/labels/Total_0015dd67acfa3168f3b635aac8bf403b4e/value']","item/Total Additional Support":"@outputs('AI_Builder_SVN_Invoice_Extractor')?['body/responsev2/predictionOutput/labels/Total_00d5332c751caac844e9b02fcba15cbe10/value']","item/Total Overtime":"@outputs('AI_Builder_SVN_Invoice_Extractor')?['body/responsev2/predictionOutput/labels/Overtimeb0c32981ce9e7a9aaf7590ba86a04b71/value']","item/Total Lumpsum":"@outputs('AI_Builder_SVN_Invoice_Extractor')?['body/responsev2/predictionOutput/labels/Total_0048bbc46f3d7d209c78ed73be7d9f3de4/value']","item/Total Reimbursement":"@outputs('AI_Builder_SVN_Invoice_Extractor')?['body/responsev2/predictionOutput/labels/Total_00b3a75e995bd33bf15ab694ef6cb25232/value']","item/Total Discount":"@outputs('AI_Builder_SVN_Invoice_Extractor')?['body/responsev2/predictionOutput/labels/Total_000fe732f0d3019a516714b13659a3a424/value']","item/Total Invoice Amount":"@outputs('AI_Builder_SVN_Invoice_Extractor')?['body/responsev2/predictionOutput/labels/Total_007c43e268746e33873f7f9c8e89e9a16b/value']"},"host":{"apiId":"/providers/Microsoft.PowerApps/apis/shared_excelonlinebusiness","connectionName":"shared_excelonlinebusiness","operationId":"AddRowV2"},"authentication":"@parameters('$authentication')"}},"Send_a_notification_email":{"runAfter":{"Add_a_row_into_a_table":["Succeeded"]},"type":"OpenApiConnection","inputs":{"parameters":{"emailMessage/To":"van-hao.nguyen@socotec.com","emailMessage/Subject":"[Notification] New Invoice Extracted and Saved","emailMessage/Body":"<p style=\"font-family: Segoe UI, sans-serif; font-size: 15px;\">\n  Dear team,\n</p>\n\n<p style=\"font-family: Segoe UI, sans-serif; font-size: 15px;\">\n  The following invoice data has been successfully extracted and saved to the <strong>Input</strong> table in the file:\n</p>\n\n<p style=\"font-family: Segoe UI, sans-serif; font-size: 15px; margin-bottom: 20px;\">\n  <strong>📁 Path:</strong> <i>SOCOTEC S.A\\SVN_Finance_Report - Documents\\Dashboard\\02 - Platform Team Performance Analysis\\Data Input.xlsx</i>\n</p>\n\n<table border=\"1\" cellpadding=\"8\" cellspacing=\"0\" style=\"border-collapse: collapse; width: 100%; font-family: Segoe UI, sans-serif; font-size: 14px;\">\n  <thead>\n    <tr style=\"background-color: #d9d9d9; color: black; text-align: center;\">\n      <th>Invoice No</th>\n      <th>Client Name</th>\n      <th>Invoice Date</th>\n      <th>Due Date</th>\n      <th>Billing Period</th>\n      <th>Total Long Term</th>\n      <th>Total Short Term</th>\n      <th>Total Additional Support</th>\n      <th>Total Overtime Amount</th>\n      <th>Total Lumpsum</th>\n      <th>Total Reimbursement</th>\n      <th>Total Discount</th>\n      <th>Total Invoice Amount</th>\n    </tr>\n  </thead>\n  <tbody style=\"background-color: #f9f9f9; color: #333; text-align: center;\">\n    <tr>\n      <td>@{coalesce(outputs('AI_Builder_SVN_Invoice_Extractor')?['body/responsev2/predictionOutput/labels/Invoice_24d0eb421cf7d427235f7a6e8ed91e5a/value'], '')}</td>\n      <td>@{coalesce(outputs('AI_Builder_SVN_Invoice_Extractor')?['body/responsev2/predictionOutput/labels/Client_098afdc2341695ecc2e9a4e15c5e19568/value'], '')}</td>\n      <td>@{coalesce(outputs('AI_Builder_SVN_Invoice_Extractor')?['body/responsev2/predictionOutput/labels/Invoice_0f24fcfb35adaf92db94c0adeb94a754/value'], '')}</td>\n      <td>@{coalesce(outputs('AI_Builder_SVN_Invoice_Extractor')?['body/responsev2/predictionOutput/labels/Due_002057870fd03032bf243c119bee6c0416a9/value'], '')}</td>\n      <td>@{coalesce(outputs('AI_Builder_SVN_Invoice_Extractor')?['body/responsev2/predictionOutput/labels/Billing_8b1820a23a997cae26061cc6675c9596/value'], '')}</td>\n      <td>@{coalesce(outputs('AI_Builder_SVN_Invoice_Extractor')?['body/responsev2/predictionOutput/labels/Total_009706838b4ec6e5a7847342dd7db026b6/value'], '')}</td>\n      <td>@{coalesce(outputs('AI_Builder_SVN_Invoice_Extractor')?['body/responsev2/predictionOutput/labels/Total_0015dd67acfa3168f3b635aac8bf403b4e/value'], '')}</td>\n      <td>@{outputs('AI_Builder_SVN_Invoice_Extractor')?['body/responsev2/predictionOutput/labels/Overtimeb0c32981ce9e7a9aaf7590ba86a04b71/value']}</td>\n      <td>@{coalesce(outputs('AI_Builder_SVN_Invoice_Extractor')?['body/responsev2/predictionOutput/labels/Total_00d5332c751caac844e9b02fcba15cbe10/value'], '')}</td>\n      <td>@{coalesce(outputs('AI_Builder_SVN_Invoice_Extractor')?['body/responsev2/predictionOutput/labels/Total_0048bbc46f3d7d209c78ed73be7d9f3de4/value'], '')}</td>\n      <td>@{coalesce(outputs('AI_Builder_SVN_Invoice_Extractor')?['body/responsev2/predictionOutput/labels/Total_00b3a75e995bd33bf15ab694ef6cb25232/value'], '')}</td>\n      <td>@{coalesce(outputs('AI_Builder_SVN_Invoice_Extractor')?['body/responsev2/predictionOutput/labels/Total_000fe732f0d3019a516714b13659a3a424/value'], '')}</td>\n      <td>@{coalesce(outputs('AI_Builder_SVN_Invoice_Extractor')?['body/responsev2/predictionOutput/labels/Total_007c43e268746e33873f7f9c8e89e9a16b/value'], '')}</td>\n    </tr>\n  </tbody>\n</table>\n\n<p style=\"font-family: Segoe UI, sans-serif; font-size: 15px; margin-top: 20px;\">\n  Regards,\n</p>\n\n<p style=\"font-family: Segoe UI, sans-serif; font-size: 15px;\">\n  <strong>AI Builder – SVN Invoice Extractor</strong>\n</p>\n","emailMessage/From":"it.vietnam@socotec.com","emailMessage/Cc":"viet-trung.dinh@socotec.com;thi-dieuhuong.nguyen@socotec.com","emailMessage/Importance":"Normal"},"host":{"apiId":"/providers/Microsoft.PowerApps/apis/shared_office365","connectionName":"shared_office365","operationId":"SendEmailV2"},"authentication":"@parameters('$authentication')"}},"AI_Builder_SVN_Invoice_Extractor":{"runAfter":{"Get_file_content":["Succeeded"]},"metadata":{"flowSystemMetadata":{"portalOperationId":"aibuilderpredict","portalOperationGroup":"aibuilder","portalOperationApiDisplayNameOverride":"AI Builder","portalOperationIconOverride":"https://content.powerapps.com/resource/makerx/static/pauto/images/designeroperations/aiBuilderNew.51dbdb6b.png","portalOperationBrandColorOverride":"#0A76C4","portalOperationApiTierOverride":"Standard"}},"type":"OpenApiConnection","inputs":{"parameters":{"recordId":"e7791eea-a164-48e7-97dc-ac63a4040941","item/requestv2/mimeType":"pdf","item/requestv2/base64Encoded":"@base64(body('Get_file_content'))"},"host":{"apiId":"/providers/Microsoft.PowerApps/apis/shared_commondataserviceforapps","connectionName":"shared_commondataserviceforapps","operationId":"aibuilderpredict"},"authentication":"@parameters('$authentication')"}}}},"connectionReferences":{"shared_sharepointonline":{"connectionName":"shared-sharepointonl-30b18016-e425-44d0-9a35-70c0c829deff","source":"Embedded","id":"/providers/Microsoft.PowerApps/apis/shared_sharepointonline","tier":"NotSpecified","apiName":"sharepointonline","isProcessSimpleApiReferenceConversionAlreadyDone":false},"shared_excelonlinebusiness":{"connectionName":"shared-excelonlinebu-26a7fd9d-5e02-4730-92e1-0ea47510c984","source":"Embedded","id":"/providers/Microsoft.PowerApps/apis/shared_excelonlinebusiness","tier":"NotSpecified","apiName":"excelonlinebusiness","isProcessSimpleApiReferenceConversionAlreadyDone":false},"shared_office365":{"connectionName":"shared-office365-122a1c1b-65fb-493b-b518-409df049ffbb","source":"Embedded","id":"/providers/Microsoft.PowerApps/apis/shared_office365","tier":"NotSpecified","apiName":"office365","isProcessSimpleApiReferenceConversionAlreadyDone":false},"shared_commondataserviceforapps":{"connectionName":"shared-commondataser-6ee7060c-2035-49aa-b2d1-9bb9f410c1c3","source":"Embedded","id":"/providers/Microsoft.PowerApps/apis/shared_commondataserviceforapps","tier":"NotSpecified","apiName":"commondataserviceforapps","isProcessSimpleApiReferenceConversionAlreadyDone":false}},"flowFailureAlertSubscribed":false,"isManaged":false}}